strength,behavior_rate,n_valid,model,concept,layer_start,layer_end
-0.5,0.5461538461538461,260,Qwen/Qwen3-8B,sycophancy,21,21
-0.25,0.5357142857142857,280,Qwen/Qwen3-8B,sycophancy,21,21
-0.1,0.5211267605633803,284,Qwen/Qwen3-8B,sycophancy,21,21
0.0,0.4826388888888889,288,Qwen/Qwen3-8B,sycophancy,21,21
0.1,0.47038327526132406,287,Qwen/Qwen3-8B,sycophancy,21,21
0.25,0.46875,288,Qwen/Qwen3-8B,sycophancy,21,21
0.5,0.4583333333333333,288,Qwen/Qwen3-8B,sycophancy,21,21
